data;vazao;nivel;chuva;Interpolado chuva;Interpolado vazão
13/11/2018;12,86904762;216,9047619;7,327854852;Sim;Não
14/11/2018;9,715625;194,5104167;0;Não;Não
15/11/2018;7,452083333;177,2916667;0;Não;Não
16/11/2018;9,189583333;189,8333333;0;Não;Não
17/11/2018;17,6625;245,9791667;41,6;Não;Não
18/11/2018;9,763541667;194,875;3,8;Não;Não
19/11/2018;7,536458333;177,8958333;0;Não;Não
20/11/2018;27,32708333;284,1875;38,8;Não;Não
21/11/2018;42,63020833;353,6875;18,6;Não;Não
22/11/2018;20,65625;263,6354167;4,2;Não;Não
23/11/2018;14,38645833;226,9583333;2;Não;Não
24/11/2018;11,43125;206,7708333;0;Não;Não
25/11/2018;9,569791667;193,6354167;0;Não;Não
26/11/2018;8,554166667;185,9583333;0;Não;Não
27/11/2018;8,628125;186,5625;4;Não;Não
28/11/2018;12,915625;216,5520833;0;Não;Não
29/11/2018;8,89375;188,5;0;Não;Não
30/11/2018;7,394791667;176,7291667;0;Não;Não
01/12/2018;7,998958333;181,65625;14;Não;Não
02/12/2018;10,05833333;196,1875;0,2;Não;Não
03/12/2018;39,91354167;344,8333333;69,4;Não;Não
04/12/2018;19,13333333;255,1770833;8,4;Não;Não
05/12/2018;13,78541667;222,9166667;0,8;Não;Não
06/12/2018;16,284375;238,2604167;11,6;Não;Não
07/12/2018;12,09791667;211,25;0,2;Não;Não
08/12/2018;46,971875;367,2395833;46,4;Não;Não
09/12/2018;31,71875;314,6458333;4,6;Não;Não
10/12/2018;20,28020833;262;0;Não;Não
11/12/2018;16,84270833;242,3958333;0;Não;Não
12/12/2018;15,675;235,3541667;0,4;Não;Não
13/12/2018;14,43958333;227,1979167;0;Não;Não
14/12/2018;14,74895833;228,65625;4,4;Não;Não
15/12/2018;10,58958333;200,8541667;0;Não;Não
16/12/2018;9,13125;190,3645833;0;Não;Não
17/12/2018;8,091666667;182,3854167;0;Não;Não
18/12/2018;7,295833333;176,0416667;0;Não;Não
19/12/2018;6,544791667;169,7604167;0;Não;Não
20/12/2018;6,448958333;168,8645833;0;Não;Não
21/12/2018;7,03125;173,71875;16;Não;Não
22/12/2018;5,820833333;163,4583333;6,6;Não;Não
23/12/2018;5,452083333;160,0833333;0;Não;Não
24/12/2018;8,946;188,96;7;Não;Não
25/12/2018;8,420310032;;44,6;Não;Sim
26/12/2018;10,49705889;;41,4;Não;Sim
27/12/2018;49,95309598;;38;Não;Sim
28/12/2018;57,55190513;;66,6;Não;Sim
29/12/2018;67,05116359;;6,2;Não;Sim
30/12/2018;38,0181149;;20,4;Não;Sim
31/12/2018;42,19113506;;1,4;Não;Sim
01/01/2019;27,02817905;;0,2;Não;Sim
02/01/2019;19,88575663;;0;Não;Sim
03/01/2019;16,62550993;;0;Não;Sim
04/01/2019;14,33859607;;0;Não;Sim
05/01/2019;13,0656536;;0,2;Não;Sim
06/01/2019;11,45804081;;0;Não;Sim
07/01/2019;10,52972909;;0;Não;Sim
08/01/2019;9,896245986;;0;Não;Sim
09/01/2019;9,290652073;;0;Não;Sim
10/01/2019;8,525691341;;0;Não;Sim
11/01/2019;8,135242634;;0;Não;Sim
12/01/2019;7,68503137;;0;Não;Sim
13/01/2019;7,324463942;;0;Não;Sim
14/01/2019;6,930827898;;0;Não;Sim
15/01/2019;6,557909542;;0;Não;Sim
16/01/2019;6,347943757;;0;Não;Sim
17/01/2019;6,05072464;;0;Não;Sim
18/01/2019;5,763864365;;0;Não;Sim
19/01/2019;5,480789052;;0;Não;Sim
20/01/2019;5,109663572;;0;Não;Sim
21/01/2019;4,948503876;;0;Não;Sim
22/01/2019;4,773997209;;0;Não;Sim
23/01/2019;4,704473435;;0;Não;Sim
24/01/2019;4,496898153;;0;Não;Sim
25/01/2019;4,310040557;;0;Não;Sim
26/01/2019;4,258644758;;0;Não;Sim
27/01/2019;4,07079112;;0;Não;Sim
28/01/2019;3,965011394;;0;Não;Sim
29/01/2019;3,947281835;;0;Não;Sim
30/01/2019;3,77516567;;0;Não;Sim
31/01/2019;3,732734255;;0;Não;Sim
01/02/2019;3,65783185;;0;Não;Sim
02/02/2019;3,459021743;;0;Não;Sim
03/02/2019;3,423363417;;0;Não;Sim
04/02/2019;3,3014478;;0;Não;Sim
05/02/2019;4,057444149;;7,2;Não;Sim
06/02/2019;7,139200014;;29;Não;Sim
07/02/2019;11,01579789;;15;Não;Sim
08/02/2019;8,92809256;;5,4;Não;Sim
09/02/2019;12,17120733;;9,4;Não;Sim
10/02/2019;6,702933347;;0;Não;Sim
11/02/2019;5,326601655;;0;Não;Sim
12/02/2019;4,624391608;;0;Não;Sim
13/02/2019;6,765285615;;0;Não;Sim
14/02/2019;9,185071555;;31,8;Não;Sim
15/02/2019;5,839364396;;0;Não;Sim
16/02/2019;7,884638311;;0;Não;Sim
17/02/2019;12,20706486;;12,8;Não;Sim
18/02/2019;10,13928039;;0,6;Não;Sim
19/02/2019;20,82880978;;17;Não;Sim
20/02/2019;10,42614066;;0,2;Não;Sim
21/02/2019;8,191021021;;0;Não;Sim
22/02/2019;8,157155572;;3,2;Não;Sim
23/02/2019;6,957920258;;0,2;Não;Sim
24/02/2019;6,603329085;;0;Não;Sim
25/02/2019;5,717847196;;0;Não;Sim
26/02/2019;5,371025156;;0;Não;Sim
27/02/2019;6,256507045;;3;Não;Sim
28/02/2019;5,376204577;;0;Não;Sim
01/03/2019;5,206877332;;0;Não;Sim
02/03/2019;4,735738688;;0;Não;Sim
03/03/2019;4,355293023;;0;Não;Sim
04/03/2019;4,031547041;;0;Não;Sim
05/03/2019;7,661126347;;0;Não;Sim
06/03/2019;8,535651767;;12,4;Não;Sim
07/03/2019;6,001719343;;12,4;Não;Sim
08/03/2019;4,886151608;;0;Não;Sim
09/03/2019;4,443908685;;0;Não;Sim
10/03/2019;7,792603973;;0;Não;Sim
11/03/2019;5,712866983;;26,2;Não;Sim
12/03/2019;6,43798601;;9,8;Não;Sim
13/03/2019;4,906072461;;0;Não;Sim
14/03/2019;4,47976622;;0;Não;Sim
15/03/2019;8,338435329;;0;Não;Sim
16/03/2019;20,17341374;;30,6;Não;Sim
17/03/2019;12,72102286;;14,8;Não;Sim
18/03/2019;7,84838236;;0;Não;Sim
19/03/2019;11,29269774;;1,8;Não;Sim
20/03/2019;15,01590505;;66,6;Não;Sim
21/03/2019;15,87847796;;8,2;Não;Sim
22/03/2019;18,05781921;;27,6;Não;Sim
23/03/2019;15,05574676;;11,2;Não;Sim
24/03/2019;12,74691996;;0,4;Não;Sim
25/03/2019;9,991866078;;0,2;Não;Sim
26/03/2019;8,374292863;;0;Não;Sim
27/03/2019;7,35434522;;0;Não;Sim
28/03/2019;6,728830455;;0;Não;Sim
29/03/2019;6,609305341;;2;Não;Sim
30/03/2019;11,29070565;;17,2;Não;Sim
31/03/2019;7,971294019;;0;Não;Sim
01/04/2019;7,037603667;;1,2;Não;Sim
02/04/2019;6,593368659;;3,6;Não;Sim
03/04/2019;6,452727441;;0;Não;Sim
04/04/2019;5,867452797;;0;Não;Sim
05/04/2019;4,741924637;;0,4;Não;Sim
06/04/2019;4,448291273;;0;Não;Sim
07/04/2019;4,075173707;;0;Não;Sim
08/04/2019;3,894690785;;0;Não;Sim
09/04/2019;3,916802931;;0;Não;Sim
10/04/2019;11,55306328;;29,6;Não;Sim
11/04/2019;9,653410795;;11;Não;Sim
12/04/2019;6,176425218;;0,4;Não;Sim
13/04/2019;5,157672827;;0,2;Não;Sim
14/04/2019;4,659850725;;0;Não;Sim
15/04/2019;6,036580834;;0;Não;Sim
16/04/2019;11,33552757;;16;Não;Sim
17/04/2019;35,00389072;;20,2;Não;Sim
18/04/2019;19,71642938;;2,4;Não;Sim
19/04/2019;10,8898981;;0,2;Não;Sim
20/04/2019;8,614737551;;0;Não;Sim
21/04/2019;7,38681621;;0;Não;Sim
22/04/2019;9,880309304;;0;Não;Sim
23/04/2019;11,92120063;;0,2;Não;Sim
24/04/2019;9,660183885;;0;Não;Sim
25/04/2019;10,17832526;;0;Não;Sim
26/04/2019;8,210344248;;0;Não;Sim
27/04/2019;7,080234291;;0;Não;Sim
28/04/2019;6,498545401;;0;Não;Sim
29/04/2019;12,19351868;;15,6;Não;Sim
30/04/2019;11,52955667;;8,6;Não;Sim
01/05/2019;8,230862726;;0,2;Não;Sim
02/05/2019;7,220477092;;0;Não;Sim
03/05/2019;6,673052068;;0;Não;Sim
04/05/2019;6,448145645;;25,8;Não;Sim
05/05/2019;5,942554411;;0;Não;Sim
06/05/2019;5,52700543;;0;Não;Sim
07/05/2019;5,1383496;;0;Não;Sim
08/05/2019;5,753505522;;46,4;Não;Sim
09/05/2019;6,848953195;;3,2;Não;Sim
10/05/2019;5,802112402;;0,2;Não;Sim
11/05/2019;5,605892006;;0;Não;Sim
12/05/2019;5,142134562;;0;Não;Sim
13/05/2019;4,787742598;;0;Não;Sim
14/05/2019;4,634750451;;0,2;Não;Sim
15/05/2019;4,580764941;;0;Não;Sim
16/05/2019;5,566249509;;12,6;Não;Sim
17/05/2019;8,59740641;;16;Não;Sim
18/05/2019;12,46603595;;15,2;Não;Sim
19/05/2019;11,649281;;7,2;Não;Sim
20/05/2019;8,013725435;;0;Não;Sim
21/05/2019;6,395753803;;0;Não;Sim
22/05/2019;5,752509479;;0;Não;Sim
23/05/2019;5,332777119;;0;Não;Sim
24/05/2019;4,895713618;;0,2;Não;Sim
25/05/2019;4,672998488;;0;Não;Sim
26/05/2019;4,451080192;;0;Não;Sim
27/05/2019;4,23414211;;0;Não;Sim
28/05/2019;4,018797695;;0;Não;Sim
29/05/2019;3,92636494;;0;Não;Sim
30/05/2019;3,835326645;;0;Não;Sim
31/05/2019;3,76301395;;0;Não;Sim
01/06/2019;3,599264544;;0;Não;Sim
02/06/2019;3,4837236;;0;Não;Sim
03/06/2019;3,533525731;;0;Não;Sim
04/06/2019;4,342312338;;1,4;Não;Sim
05/06/2019;3,894093159;;0,2;Não;Sim
06/06/2019;3,31638844;;0,4;Não;Sim
07/06/2019;3,252641712;;0;Não;Sim
08/06/2019;3,099251149;;0;Não;Sim
09/06/2019;3,015583569;;0;Não;Sim
10/06/2019;2,993670631;;0;Não;Sim
11/06/2019;3,071361955;;0,8;Não;Sim
12/06/2019;3,264594223;;0;Não;Sim
13/06/2019;3,061401529;;0;Não;Sim
14/06/2019;2,979726034;;2,4;Não;Sim
15/06/2019;2,894265577;;0,2;Não;Sim
16/06/2019;2,747648104;;0;Não;Sim
17/06/2019;2,627525364;;0;Não;Sim
18/06/2019;2,536885485;;0;Não;Sim
19/06/2019;2,660593979;;0;Não;Sim
20/06/2019;2,441464602;;0;Não;Sim
21/06/2019;2,464572791;;0,8;Não;Sim
22/06/2019;2,908608591;;5;Não;Sim
23/06/2019;2,846853949;;0,2;Não;Sim
24/06/2019;2,692666551;;0;Não;Sim
25/06/2019;2,635692913;;0;Não;Sim
26/06/2019;2,51337888;;0,2;Não;Sim
27/06/2019;2,416364328;;0;Não;Sim
28/06/2019;2,313971147;;0;Não;Sim
29/06/2019;2,237475074;;0;Não;Sim
30/06/2019;2,231100401;;0;Não;Sim
01/07/2019;2,204605667;;0;Não;Sim
02/07/2019;2,122531756;;0,2;Não;Sim
03/07/2019;2,047031725;;0;Não;Sim
04/07/2019;1,998823262;;0;Não;Sim
05/07/2019;1,950614799;;0;Não;Sim
06/07/2019;1,940455165;;0;Não;Sim
07/07/2019;1,942646458;;0;Não;Sim
08/07/2019;1,883680735;;0;Não;Sim
09/07/2019;1,883879944;;0;Não;Sim
10/07/2019;1,881887859;;0;Não;Sim
11/07/2019;1,818937965;;0;Não;Sim
12/07/2019;1,802602866;;0;Não;Sim
13/07/2019;1,760171451;;0;Não;Sim
14/07/2019;1,778697843;;0;Não;Sim
15/07/2019;1,731684632;;0;Não;Sim
16/07/2019;1,662758482;;0;Não;Sim
17/07/2019;1,674710994;;1;Não;Sim
18/07/2019;1,696026306;;0;Não;Sim
19/07/2019;1,750609441;;1;Não;Sim
20/07/2019;1,792044814;;0,2;Não;Sim
21/07/2019;1,787662227;;0;Não;Sim
22/07/2019;1,784275682;;0;Não;Sim
23/07/2019;1,707381192;;0;Não;Sim
24/07/2019;1,632279578;;0;Não;Sim
25/07/2019;1,572517021;;0;Não;Sim
26/07/2019;1,4808811;;0;Não;Sim
27/07/2019;1,281672576;;0;Não;Sim
28/07/2019;1,257767553;;0;Não;Sim
29/07/2019;1,247807127;;0;Não;Sim
30/07/2019;1,255775468;;0,2;Não;Sim
31/07/2019;1,235854615;;0;Não;Sim
01/08/2019;1,242627705;;0;Não;Sim
02/08/2019;1,186849319;;0;Não;Sim
03/08/2019;1,210754341;;0;Não;Sim
04/08/2019;1,196809745;;2,2;Não;Sim
05/08/2019;1,224698938;;6,6;Não;Sim
06/08/2019;1,306374433;;3,2;Não;Sim
07/08/2019;1,346216138;;1;Não;Sim
08/08/2019;1,296414007;;0,2;Não;Sim
09/08/2019;1,270516899;;0;Não;Sim
10/08/2019;1,202786;;0;Não;Sim
11/08/2019;1,147007614;;0;Não;Sim
12/08/2019;1,063340034;;0;Não;Sim
13/08/2019;1,051387522;;0;Não;Sim
14/08/2019;1,113142165;;3,4;Não;Sim
15/08/2019;1,372113246;;5,4;Não;Sim
16/08/2019;1,370121161;;0,2;Não;Sim
17/08/2019;1,162944296;;0;Não;Sim
18/08/2019;1,097205483;;0;Não;Sim
19/08/2019;1,085252971;;0;Não;Sim
20/08/2019;1,053379608;;0;Não;Sim
21/08/2019;1,11911842;;8,2;Não;Sim
22/08/2019;1,272508984;;0,8;Não;Sim
23/08/2019;1,382073672;;4,2;Não;Sim
24/08/2019;1,995635926;;6,4;Não;Sim
25/08/2019;1,919936687;;1,2;Não;Sim
26/08/2019;1,708775651;;0;Não;Sim
27/08/2019;1,525503809;;0;Não;Sim
28/08/2019;1,348208223;;0;Não;Sim
29/08/2019;1,266532728;;0;Não;Sim
30/08/2019;1,23665145;;0;Não;Sim
31/08/2019;1,181669897;;0;Não;Sim
01/09/2019;1,135055102;;0;Não;Sim
02/09/2019;1,075292545;;0;Não;Sim
03/09/2019;1,062144783;;0;Não;Sim
04/09/2019;1,015131571;;0;Não;Sim
05/09/2019;0,981266122;;0;Não;Sim
06/09/2019;1,206371754;;6,8;Não;Sim
07/09/2019;1,263743809;;2,4;Não;Sim
08/09/2019;1,150394159;;0;Não;Sim
09/09/2019;1,037442926;;0;Não;Sim
10/09/2019;0,981863747;;0;Não;Sim
11/09/2019;0,961743686;;0;Não;Sim
12/09/2019;0,905566883;;0;Não;Sim
13/09/2019;0,869709348;;0;Não;Sim
14/09/2019;0,837757177;;0;Não;Sim
15/09/2019;0,816321464;;0;Não;Sim
16/09/2019;0,816321464;;0;Não;Sim
17/09/2019;0,840839436;;0;Não;Sim
18/09/2019;0,816321464;;0;Não;Sim
19/09/2019;0,816321464;;0;Não;Sim
20/09/2019;0,816321464;;0;Não;Sim
21/09/2019;0,816321464;;0;Não;Sim
22/09/2019;0,849201355;;1;Não;Sim
23/09/2019;1,276692363;;12;Não;Sim
24/09/2019;1,205973337;;1,8;Não;Sim
25/09/2019;1,071706792;;0;Não;Sim
26/09/2019;1,343427218;;4,6;Não;Sim
27/09/2019;4,246891455;;12;Não;Sim
28/09/2019;3,50663258;;1;Não;Sim
29/09/2019;2,281500158;;3,2;Não;Sim
30/09/2019;2,427918423;;1,8;Não;Sim
01/10/2019;2,241658453;;1,2;Não;Sim
02/10/2019;1,931889198;;0,2;Não;Sim
03/10/2019;1,553393003;;0;Não;Sim
04/10/2019;1,386057843;;0;Não;Sim
05/10/2019;1,316334859;;0;Não;Sim
06/10/2019;1,581282196;;0;Não;Sim
07/10/2019;1,427891633;;0;Não;Sim
08/10/2019;1,178880978;;0;Não;Sim
09/10/2019;1,07728463;;0;Não;Sim
10/10/2019;8,049582969;;18,2;Não;Sim
11/10/2019;3,308420099;;0,077866622;Sim;Sim
12/10/2019;2,145042319;;0,041816525;Sim;Sim
13/10/2019;1,680886458;;0,044552074;Sim;Sim
14/10/2019;1,340239882;;0;Sim;Sim
15/10/2019;1,131070932;;0,041617013;Sim;Sim
16/10/2019;1,041427096;;0,371670543;Sim;Sim
17/10/2019;0,943814919;;0,047084013;Sim;Sim
18/10/2019;0,884180884;;0;Sim;Sim
19/10/2019;1,54045564;;0,294572463;Sim;Sim
20/10/2019;2,005336515;;1,983467915;Sim;Sim
21/10/2019;2,266559518;;0,836196331;Sim;Sim
22/10/2019;2,778525425;;1,631863488;Sim;Sim
23/10/2019;3,167569188;;0,496776318;Sim;Sim
24/10/2019;3,071361955;;0,186258192;Sim;Sim
25/10/2019;2,740675805;;0,012818675;Sim;Sim
26/10/2019;2,645055714;;0,467879298;Sim;Sim
27/10/2019;3,714805488;;8,525773041;Sim;Sim
28/10/2019;3,218776263;;0,797850594;Sim;Sim
29/10/2019;1,939605907;;0;Não;Sim
30/10/2019;1,059355863;;0;Não;Sim
31/10/2019;1,276493154;;3,8;Não;Sim
01/11/2019;15,29878116;;0,2;Não;Sim
02/11/2019;13,96806822;;37,4;Não;Sim
03/11/2019;10,59347582;;0;Não;Sim
04/11/2019;4,619212186;;0;Não;Sim
05/11/2019;2,730736349;;0;Não;Sim
06/11/2019;2,097232273;;0;Não;Sim
07/11/2019;2,017548863;;17,2;Não;Sim
08/11/2019;1,856189959;;0;Não;Sim
09/11/2019;2,06934308;;26;Não;Sim
10/11/2019;1,728696504;;0;Não;Sim
11/11/2019;1,475701678;;0;Não;Sim
12/11/2019;2,330306246;;29,6;Não;Sim
13/11/2019;9,565559836;;6,6;Não;Sim
14/11/2019;15,08562804;;0,2;Não;Sim
15/11/2019;15,96612971;;14,6;Não;Sim
16/11/2019;19,30287249;;4,2;Não;Sim
17/11/2019;21,74716108;;10,2;Não;Sim
18/11/2019;24,85082988;;3,6;Não;Sim
19/11/2019;22,15553855;;23;Não;Sim
20/11/2019;51,91317651;;11,6;Não;Sim
21/11/2019;59,18043481;;37;Não;Sim
22/11/2019;32,6757407;;9,6;Não;Sim
23/11/2019;23,54999822;;5,8;Não;Sim
24/11/2019;38,19780098;;25,8;Não;Sim
25/11/2019;19,15545818;;7,6;Não;Sim
26/11/2019;12,37041585;;0;Não;Sim
27/11/2019;8,951997582;;0;Não;Sim
28/11/2019;6,866284337;;0;Não;Sim
29/11/2019;12,32658998;;82,4;Não;Sim
30/11/2019;14,31385227;;4,4;Não;Sim
01/12/2019;15,06769927;;9,6;Não;Sim
02/12/2019;42,74971576;;44,6;Não;Sim
03/12/2019;28,20350934;;30,4;Não;Sim
04/12/2019;22,40255712;;2,2;Não;Sim
05/12/2019;23,41453642;;0;Não;Sim
06/12/2019;51,46907285;;15,4;Não;Sim
07/12/2019;53,27788625;;43;Não;Sim
08/12/2019;26,01619974;;0,8;Não;Sim
09/12/2019;18,9363288;;0;Não;Sim
10/12/2019;14,23699972;;2,6;Não;Sim
11/12/2019;11,26879272;;0;Não;Sim
12/12/2019;9,67711661;;2,2;Não;Sim
13/12/2019;7,944002451;;0;Não;Sim
14/12/2019;6,694965006;;0;Não;Sim
15/12/2019;5,941956785;;0,8;Não;Sim
16/12/2019;5,007668808;;0;Não;Sim
17/12/2019;4,43793243;;0;Não;Sim
18/12/2019;3,949871546;;0;Não;Sim
19/12/2019;3,621177481;;0;Não;Sim
20/12/2019;3,396071849;;0;Não;Sim
21/12/2019;2,963789352;;0;Não;Sim
22/12/2019;2,633103203;;0;Não;Sim
23/12/2019;3,451850236;;11,6;Não;Sim
24/12/2019;5,322418276;;0,2;Não;Sim
25/12/2019;13,28677506;;35,4;Não;Sim
26/12/2019;9,029688907;;6,8;Não;Sim
27/12/2019;8,800599104;;3;Não;Sim
28/12/2019;24,73528894;;0;Não;Sim
29/12/2019;31,07808834;;0;Não;Sim
30/12/2019;14,06368831;;0;Não;Sim
31/12/2019;18,07625124;;0;Não;Sim
01/01/2020;17,53788497;;1,6;Não;Sim
02/01/2020;10,10939911;;0;Não;Sim
03/01/2020;13,3903635;;4,4;Não;Sim
04/01/2020;20,53995742;;28,8;Não;Sim
05/01/2020;52,67826859;;24,6;Não;Sim
06/01/2020;22,28103992;;0;Não;Sim
07/01/2020;14,97606335;;0;Não;Sim
08/01/2020;11,45604873;;0;Não;Sim
09/01/2020;9,493844768;;0;Não;Sim
10/01/2020;8,465928784;;0;Não;Sim
11/01/2020;7,122466498;;0;Não;Sim
12/01/2020;6,670063941;;0;Não;Sim
13/01/2020;7,68503137;;5,2;Não;Sim
14/01/2020;7,114896575;;5,6;Não;Sim
15/01/2020;6,683211703;;1;Não;Sim
16/01/2020;5,655893345;;0,2;Não;Sim
17/01/2020;9,151803732;;17,2;Não;Sim
18/01/2020;18,90843961;;23,6;Não;Sim
19/01/2020;13,77085178;;1,6;Não;Sim
20/01/2020;23,40856017;;1,4;Não;Sim
21/01/2020;34,21163842;;19,6;Não;Sim
22/01/2020;29,06409016;;8,4;Não;Sim
23/01/2020;59,21868285;;19;Não;Sim
24/01/2020;148,0712624;;48,6;Não;Sim
25/01/2020;;;80,8;Não;Sim
26/01/2020;;;0,2;Não;Sim
27/01/2020;;;127,2;Não;Sim
28/01/2020;;;11,4;Não;Sim
29/01/2020;;;44;Não;Sim
30/01/2020;;;175,2;Não;Sim
31/01/2020;;;18,4;Não;Sim
01/02/2020;;;19,6;Não;Sim
02/02/2020;;;16,2;Não;Sim
03/02/2020;;;46,2;Não;Sim
04/02/2020;;;91,8;Não;Sim
05/02/2020;;;0;Não;Sim
06/02/2020;;;6;Não;Sim
07/02/2020;;;2;Não;Sim
08/02/2020;;;22,2;Não;Sim
09/02/2020;;;1;Não;Sim
10/02/2020;;;0,6;Não;Sim
11/02/2020;;;3,2;Não;Sim
12/02/2020;;;27;Não;Sim
13/02/2020;;;15,6;Não;Sim
14/02/2020;;;33,6;Não;Sim
15/02/2020;;;8,6;Não;Sim
16/02/2020;;;0;Não;Sim
17/02/2020;;;0;Não;Sim
18/02/2020;;;0;Não;Sim
19/02/2020;;;0;Não;Sim
20/02/2020;;;0;Não;Sim
21/02/2020;;;0;Não;Sim
22/02/2020;;;7,4;Não;Sim
23/02/2020;;;65,4;Não;Sim
24/02/2020;;;1;Não;Sim
25/02/2020;;;0,6;Não;Sim
26/02/2020;;;0;Não;Sim
27/02/2020;;;3;Não;Sim
28/02/2020;;;68,4;Não;Sim
29/02/2020;;;26;Não;Sim
01/03/2020;;;3,2;Não;Sim
02/03/2020;;;39,4;Não;Sim
03/03/2020;;;6;Não;Sim
04/03/2020;;;3,2;Não;Sim
05/03/2020;;;10,6;Não;Sim
06/03/2020;;;23,8;Não;Sim
07/03/2020;;;10,2;Não;Sim
08/03/2020;;;2,2;Não;Sim
09/03/2020;;;0;Não;Sim
10/03/2020;;;1;Não;Sim
11/03/2020;;;0;Não;Sim
12/03/2020;;;0,2;Não;Sim
13/03/2020;;;1,8;Não;Sim
14/03/2020;;;41,4;Não;Sim
15/03/2020;;;25,4;Não;Sim
16/03/2020;;;0;Não;Sim
17/03/2020;;;0;Não;Sim
18/03/2020;;;10,4;Não;Sim
19/03/2020;;;23,2;Não;Sim
20/03/2020;;;0;Não;Sim
21/03/2020;27,83151363;;32;Não;Sim
22/03/2020;28,95253339;;42,6;Não;Sim
23/03/2020;29,87287677;;12,8;Não;Sim
24/03/2020;41,98475503;;2,8;Não;Sim
25/03/2020;46,42909719;;0;Não;Sim
26/03/2020;42,95091637;;0;Não;Sim
27/03/2020;40,61818455;;0;Não;Sim
28/03/2020;38,51454254;;0;Não;Sim
29/03/2020;36,59417237;;0;Não;Sim
30/03/2020;35,64593979;;0;Não;Sim
31/03/2020;38,45876415;;30,4;Não;Sim
01/04/2020;35,45270752;;0,2;Não;Sim
02/04/2020;37,32925182;;5,6;Não;Sim
03/04/2020;45,97490176;;3,6;Não;Sim
04/04/2020;52,59061684;;10,4;Não;Sim
05/04/2020;38,86514954;;0;Não;Sim
06/04/2020;36,20372366;;0;Não;Sim
07/04/2020;34,73356475;;0;Não;Sim
08/04/2020;39,70580951;;32,2;Não;Sim
09/04/2020;38,75359277;;4;Não;Sim
10/04/2020;36,51448896;;0;Não;Sim
11/04/2020;35,77343325;;0,2;Não;Sim
12/04/2020;39,43887009;;10,4;Não;Sim
13/04/2020;36,94477937;;0,6;Não;Sim
14/04/2020;34,54232457;;1;Não;Sim
15/04/2020;32,84706003;;0;Não;Sim
16/04/2020;31,92472457;;0,6;Não;Sim
17/04/2020;30,72150508;;0,2;Não;Sim
18/04/2020;30,52628073;;1,8;Não;Sim
19/04/2020;29,47645181;;1,2;Não;Sim
20/04/2020;28,77722989;;0;Não;Sim
21/04/2020;28,21346976;;0;Não;Sim
22/04/2020;27,69154343;;0;Não;Sim
23/04/2020;27,0480999;;0;Não;Sim
24/04/2020;26,6158174;;0;Não;Sim
25/04/2020;26,22736078;;0;Não;Sim
26/04/2020;25,89269046;;0;Não;Sim
27/04/2020;25,42255834;;0;Não;Sim
28/04/2020;24,80102775;;0;Não;Sim
29/04/2020;24,44046032;;0,2;Não;Sim
30/04/2020;24,35081648;;0;Não;Sim
01/05/2020;23,92650233;;0;Não;Sim
02/05/2020;23,75319091;;0;Não;Sim
03/05/2020;23,46633064;;0;Não;Sim
04/05/2020;23,56792699;;0;Não;Sim
05/05/2020;23,23923292;;0;Não;Sim
06/05/2020;23,19739913;;0;Não;Sim
07/05/2020;23,23923292;;0;Não;Sim
08/05/2020;26,47836352;;20,6;Não;Sim
09/05/2020;24,00419365;;0,2;Não;Sim
10/05/2020;23,05994525;;0;Não;Sim
11/05/2020;22,540011;;0;Não;Sim
12/05/2020;22,26510324;;0;Não;Sim
13/05/2020;22,04995803;;0;Não;Sim
14/05/2020;22,16350689;;0;Não;Sim
15/05/2020;24,08188498;;19,2;Não;Sim
16/05/2020;28,66965728;;7,8;Não;Sim
17/05/2020;31,86496201;;12,6;Não;Sim
18/05/2020;25,34486702;;0,2;Não;Sim
19/05/2020;23,77111968;;3,2;Não;Sim
20/05/2020;23,65757082;;2,4;Não;Sim
21/05/2020;23,36473429;;0;Não;Sim
22/05/2020;23,07189776;;0;Não;Sim
23/05/2020;22,79101374;;0;Não;Sim
24/05/2020;22,9185072;;0;Não;Sim
25/05/2020;46,2119599;;12;Não;Sim
26/05/2020;31,11195379;;0,2;Não;Sim
27/05/2020;24,86477448;;0;Não;Sim
28/05/2020;23,46035438;;0,2;Não;Sim
29/05/2020;22,78503749;;0;Não;Sim
30/05/2020;22,39060461;;0,2;Não;Sim
31/05/2020;22,04398178;;0;Não;Sim
01/06/2020;21,73919274;;0,2;Não;Sim
02/06/2020;21,51807127;;0;Não;Sim
03/06/2020;21,45830872;;0;Não;Sim
04/06/2020;21,47026123;;0;Não;Sim
05/06/2020;21,36268863;;0;Não;Sim
06/06/2020;21,04594707;;0;Não;Sim
07/06/2020;20,93239821;;0;Não;Sim
08/06/2020;20,89654068;;0;Não;Sim
09/06/2020;20,63956168;;0;Não;Sim
10/06/2020;20,20927127;;0;Não;Sim
11/06/2020;19,98217355;;0;Não;Sim
12/06/2020;19,92838725;;0;Não;Sim
13/06/2020;19,61762196;;0;Não;Sim
14/06/2020;19,34271419;;0;Não;Sim
15/06/2020;19,17537903;;0,8;Não;Sim
16/06/2020;21,36069654;;30,2;Não;Sim
17/06/2020;19,89651389;;12,2;Não;Sim
18/06/2020;5,56744476;;1;Não;Sim
19/06/2020;4,999700467;;0,2;Não;Sim
20/06/2020;4,816428625;;0,2;Não;Sim
21/06/2020;4,682958914;;0;Não;Sim
22/06/2020;4,491718731;;0;Não;Sim
23/06/2020;4,406059066;;0;Não;Sim
24/06/2020;4,170993007;;0;Não;Sim
25/06/2020;4,11123045;;0,2;Não;Sim
26/06/2020;4,101270024;;0;Não;Sim
27/06/2020;4,151072155;;0;Não;Sim
28/06/2020;4,067404575;;0;Não;Sim
29/06/2020;4,410043236;;2;Não;Sim
30/06/2020;4,43793243;;2,8;Não;Sim
01/07/2020;4,4419166;;0,2;Não;Sim
02/07/2020;4,36223319;;0;Não;Sim
03/07/2020;9,822538832;;16,4;Não;Sim
04/07/2020;7,844398189;;2,6;Não;Sim
05/07/2020;5,587365613;;0;Não;Sim
06/07/2020;4,912048717;;0;Não;Sim
07/07/2020;4,550876948;;0,2;Não;Sim
08/07/2020;4,381441086;;0;Não;Sim
09/07/2020;4,159040496;;0;Não;Sim
10/07/2020;4,067404575;;0;Não;Sim
11/07/2020;4,075372916;;0,8;Não;Sim
12/07/2020;3,993697421;;0;Não;Sim
13/07/2020;3,908037756;;0;Não;Sim
14/07/2020;3,840306858;;0;Não;Sim
15/07/2020;3,876164392;;1;Não;Sim
16/07/2020;4,035531211;;1,6;Não;Sim
17/07/2020;3,991705336;;0;Não;Sim
18/07/2020;3,876164392;;0,2;Não;Sim
19/07/2020;3,804449323;;0;Não;Sim
20/07/2020;3,896085244;;3,4;Não;Sim
21/07/2020;3,917998182;;0;Não;Sim
22/07/2020;3,748670937;;0;Não;Sim
23/07/2020;3,69687672;;0;Não;Sim
24/07/2020;3,672971698;;0,2;Não;Sim
25/07/2020;3,653050845;;0;Não;Sim
26/07/2020;3,513604878;;0;Não;Sim
27/07/2020;3,792496812;;4,4;Não;Sim
28/07/2020;3,668987527;;0;Não;Sim
29/07/2020;3,453842321;;0;Não;Sim
30/07/2020;3,499660282;;0;Não;Sim
31/07/2020;5,675017363;;13;Não;Sim
01/08/2020;5,176996053;;2;Não;Sim
02/08/2020;4,342312338;;0,6;Não;Sim
03/08/2020;3,838314772;;0;Não;Sim
04/08/2020;3,686916294;;0;Não;Sim
05/08/2020;3,52954156;;0;Não;Sim
06/08/2020;3,370174741;;0;Não;Sim
07/08/2020;3,310412184;;0;Não;Sim
08/08/2020;3,354238059;;0;Não;Sim
09/08/2020;3,342285548;;0;Não;Sim
10/08/2020;3,23670503;;0;Não;Sim
11/08/2020;3,208815837;;0;Não;Sim
12/08/2020;3,437905639;;0;Não;Sim
13/08/2020;3,758631363;;0;Não;Sim
14/08/2020;3,489699856;;0;Não;Sim
15/08/2020;3,244065261;;0;Não;Sim
16/08/2020;3,147061194;;0;Não;Sim
17/08/2020;3,109147314;;0;Não;Sim
18/08/2020;3,07335404;;0;Não;Sim
19/08/2020;3,067377785;;0;Não;Sim
20/08/2020;2,971757693;;0;Não;Sim
21/08/2020;3,260610053;;6;Não;Sim
22/08/2020;6,649147046;;13;Não;Sim
23/08/2020;7,742801842;;25,2;Não;Sim
24/08/2020;4,810452369;;0,4;Não;Sim
25/08/2020;3,9020615;;0,6;Não;Sim
26/08/2020;3,601256629;;0;Não;Sim
27/08/2020;3,306428013;;0;Não;Sim
28/08/2020;3,244673371;;0;Não;Sim
29/08/2020;3,174950388;;0;Não;Sim
30/08/2020;3,067377785;;0;Não;Sim
31/08/2020;2,98968646;;0;Não;Sim
01/09/2020;2,935900159;;0,2;Não;Sim
02/09/2020;2,921955562;;0;Não;Sim
03/09/2020;2,832311726;;0;Não;Sim
04/09/2020;2,645055714;;0;Não;Sim
05/09/2020;2,48768098;;0;Não;Sim
06/09/2020;2,425926338;;0;Não;Sim
07/09/2020;2,40799757;;0;Não;Sim
08/09/2020;2,4040134;;0;Não;Sim
09/09/2020;2,380108377;;0;Não;Sim
10/09/2020;2,334290417;;0;Não;Sim
11/09/2020;2,370147951;;0;Não;Sim
12/09/2020;2,302417053;;0;Não;Sim
13/09/2020;2,277799073;;0;Não;Sim
14/09/2020;2,178907768;;0;Não;Sim
15/09/2020;2,19484445;;0;Não;Sim
16/09/2020;2,119145211;;0;Não;Sim
17/09/2020;2,061374739;;0;Não;Sim
18/09/2020;2,057390568;;0;Não;Sim
19/09/2020;2,035477631;;0;Não;Sim
20/09/2020;2,025517204;;0;Não;Sim
21/09/2020;2,075319335;;0;Não;Sim
22/09/2020;2,071335165;;0;Não;Sim
23/09/2020;2,304409138;;8,4;Não;Sim
24/09/2020;2,710605803;;7,4;Não;Sim
25/09/2020;4,071388745;;12,6;Não;Sim
26/09/2020;4,007642018;;0;Não;Sim
27/09/2020;2,886098028;;0;Não;Sim
28/09/2020;2,48369681;;0;Não;Sim
29/09/2020;2,226717814;;0;Não;Sim
30/09/2020;2,15298969;;0;Não;Sim
01/10/2020;2,043445972;;0;Não;Sim
02/10/2020;2,030193362;;0;Não;Sim
03/10/2020;2,003604267;;0;Não;Sim
04/10/2020;1,963762562;;0,2;Não;Sim
05/10/2020;2,08655889;;1,4;Não;Sim
06/10/2020;2,186876109;;0;Não;Sim
07/10/2020;2,03149346;;0;Não;Sim
08/10/2020;2,74885384;;0,2;Não;Sim
09/10/2020;2,499235074;;0;Não;Sim
10/10/2020;2,786493766;;3;Não;Sim
11/10/2020;3,489657917;;26,4;Não;Sim
12/10/2020;4,822404881;;31,8;Não;Sim
13/10/2020;3,686916294;;0;Não;Sim
14/10/2020;2,977733949;;0;Não;Sim
15/10/2020;3,005623142;;0;Não;Sim
16/10/2020;5,790579277;;18,6;Não;Sim
17/10/2020;7,364305647;;15;Não;Sim
18/10/2020;5,346323299;;1;Não;Sim
19/10/2020;7,503751613;;2,6;Não;Sim
20/10/2020;5,1826368;;1,6;Não;Sim
21/10/2020;6,14085077;;4,6;Não;Sim
22/10/2020;9,589213227;;2;Não;Sim
23/10/2020;6,786600927;;4,4;Não;Sim
24/10/2020;17,90442865;;4,6;Não;Sim
25/10/2020;34,72219938;;11,6;Não;Sim
26/10/2020;20,82880978;;12,2;Não;Sim
27/10/2020;9,842459685;;0,4;Não;Sim
28/10/2020;6,623983864;;0;Não;Sim
29/10/2020;6,686996665;;0;Não;Sim
30/10/2020;7,922089514;;2;Não;Sim
31/10/2020;48,97697422;;47,4;Não;Sim
01/11/2020;23,97630446;;21,2;Não;Sim
02/11/2020;12,02379302;;4,4;Não;Sim
03/11/2020;7,756746439;;0,8;Não;Sim
04/11/2020;6,338130116;;1,2;Não;Sim
05/11/2020;5,565117166;;0;Não;Sim
06/11/2020;4,742721471;;0;Não;Sim
07/11/2020;4,27458144;;1,2;Não;Sim
08/11/2020;3,716797573;;0;Não;Sim
09/11/2020;3,244673371;;0;Não;Sim
10/11/2020;3,099251149;;0;Não;Sim
11/11/2020;3,352245974;;19,4;Não;Sim
12/11/2020;3,11120366;;5,8;Não;Sim
13/11/2020;9,077498953;;19,8;Não;Sim
14/11/2020;14,7204893;;11,6;Não;Sim
15/11/2020;15,62548314;;6,4;Não;Sim
16/11/2020;11,29024433;;0,2;Não;Sim
17/11/2020;13,36167747;;0;Não;Sim
18/11/2020;14,32391755;;60,4;Não;Sim
19/11/2020;11,2169985;;8,6;Não;Sim
20/11/2020;10,50917916;;3,8;Não;Sim
21/11/2020;12,36118935;;9;Não;Sim
22/11/2020;14,61948009;;0;Não;Sim
23/11/2020;28,32502654;;33,2;Não;Sim
24/11/2020;20,65296108;;1,8;Não;Sim
25/11/2020;22,05991846;;0;Não;Sim
26/11/2020;18,85731641;;6,8;Não;Sim
27/11/2020;11,41222285;;0,2;Não;Sim
28/11/2020;9,667722355;;4,2;Não;Sim
29/11/2020;8,816200277;;0;Não;Sim
30/11/2020;7,115169176;;0;Não;Sim
01/12/2020;6,297869025;;0;Não;Sim
02/12/2020;24,96492394;;2,2;Não;Sim
03/12/2020;26,18552699;;11,2;Não;Sim
04/12/2020;20,38258269;;0;Não;Sim
05/12/2020;17,35356466;;16,4;Não;Sim
06/12/2020;23,71334921;;0,2;Não;Sim
07/12/2020;13,29872758;;0;Não;Sim
08/12/2020;14,72306852;;0;Não;Sim
09/12/2020;26,67358787;;11,4;Não;Sim
10/12/2020;75,91216482;;40,4;Não;Sim
11/12/2020;55,73611943;;14,4;Não;Sim
12/12/2020;32,05819428;;69,8;Não;Sim
13/12/2020;26,00026306;;4,6;Não;Sim
14/12/2020;19,27498329;;0;Não;Sim
15/12/2020;15,8276693;;0;Não;Sim
16/12/2020;13,57761951;;0;Não;Sim
17/12/2020;12,0536743;;0;Não;Sim
18/12/2020;10,86439941;;0;Não;Sim
19/12/2020;11,82060033;;6,2;Não;Sim
20/12/2020;10,23290839;;15,4;Não;Sim
21/12/2020;11,58951844;;5,2;Não;Sim
22/12/2020;37,23130057;;0;Não;Sim
23/12/2020;35,71167861;;15,8;Não;Sim
24/12/2020;59,84977545;;36,8;Não;Sim
25/12/2020;38,41892245;;17,2;Não;Sim
26/12/2020;23,89064479;;0;Não;Sim
27/12/2020;18,43830749;;0;Não;Sim
28/12/2020;15,73903199;;0;Não;Sim
29/12/2020;13,37576885;;0;Não;Sim
30/12/2020;10,85428571;202,8571429;0;Não;Não
31/12/2020;10,10833333;197,4791667;0;Não;Não
01/01/2021;9,53125;193,2916667;0;Não;Não
02/01/2021;24,175;281,3229167;24,8;Não;Não
03/01/2021;38,621875;340,3333333;40;Não;Não
04/01/2021;28;300;0;Não;Não
05/01/2021;4,679373161;;0,329823503;Sim;Sim
06/01/2021;4,477774134;;0,183105382;Sim;Sim
07/01/2021;4,418011577;;12,46039733;Sim;Sim
08/01/2021;15,65;235,2777778;3,869630128;Sim;Não
09/01/2021;16,33854167;236,7708333;30,4;Não;Não
10/01/2021;28,99270833;303,15625;32,4;Não;Não
11/01/2021;17,5875;246,65625;0;Não;Não
12/01/2021;14,3875;227,0208333;0;Não;Não
13/01/2021;12,52391304;214,4456522;0;Não;Não
14/01/2021;11,50833333;207,2708333;0;Não;Não
15/01/2021;12,90416667;215,9479167;6,6;Não;Não
16/01/2021;16,30208333;238,0520833;5,6;Não;Não
17/01/2021;11,29895833;205,8229167;0;Não;Não
18/01/2021;9,792708333;195,2708333;0;Não;Não
19/01/2021;8,858333333;188,40625;0;Não;Não
20/01/2021;8,201041667;183,2604167;0;Não;Não
21/01/2021;7,6875;179,1145833;0;Não;Não
22/01/2021;7,28125;175,8125;0;Não;Não
23/01/2021;7,0375;173,6875;0;Não;Não
24/01/2021;7,327083333;176,28125;3,8;Não;Não
25/01/2021;6,858333333;172,2916667;0;Não;Não
26/01/2021;6,317708333;167,84375;0;Não;Não
27/01/2021;5,942708333;164,4270833;0;Não;Não
28/01/2021;5,677083333;161,7708333;0;Não;Não
29/01/2021;5,364583333;159,3020833;0;Não;Não
30/01/2021;5,183333333;157,8333333;0;Não;Não
31/01/2021;4,995833333;155,9583333;0;Não;Não
01/02/2021;4,85;154,5;0;Não;Não
02/02/2021;4,848958333;154,4895833;0;Não;Não
03/02/2021;4,811458333;154,1145833;0;Não;Não
04/02/2021;4,573958333;151,7395833;0;Não;Não
05/02/2021;4,430208333;150,3020833;0;Não;Não
06/02/2021;12,23958333;208,4895833;17,4;Não;Não
07/02/2021;113,2041667;521,40625;67,8;Não;Não
08/02/2021;93,88854167;494,4479167;95,6;Não;Não
09/02/2021;36,96511628;335,6046512;0,4;Não;Não
10/02/2021;47,35541683;;14,4;Não;Sim
11/02/2021;29,3011483;;6,05846996;Sim;Sim
12/02/2021;17,85;248,5;2,769728669;Sim;Não
13/02/2021;18,49583333;252,1041667;9,6;Não;Não
14/02/2021;16,71666667;241,5833333;0;Não;Não
15/02/2021;14,03645833;224,75;0;Não;Não
16/02/2021;13,24479167;219,4895833;0;Não;Não
17/02/2021;12,4375;213,8229167;0;Não;Não
18/02/2021;25,67395833;285,9375;10;Não;Não
19/02/2021;206,41875;683,5520833;111,6;Não;Não
20/02/2021;166,8635417;639,6979167;50,2;Não;Não
21/02/2021;113,2479167;542,5520833;49,6;Não;Não
22/02/2021;112,675;541,3977273;0;Não;Não
23/02/2021;112,6810526;541,4105263;0;Não;Não
24/02/2021;112,6810526;541,4105263;0;Não;Não
25/02/2021;112,6810526;541,4105263;0,102849436;Sim;Não
26/02/2021;112,6810526;541,4105263;0,402026846;Sim;Não
27/02/2021;112,6810526;541,4105263;0,586126098;Sim;Não
28/02/2021;112,6810526;541,4105263;4,557041814;Sim;Não
01/03/2021;112,6810526;541,4105263;1,144717673;Sim;Não
02/03/2021;112,6810526;541,4105263;0,067643866;Sim;Não
03/03/2021;112,6810526;541,4105263;0,068489021;Sim;Não
04/03/2021;112,6361702;541,3191489;0,179118849;Sim;Não
05/03/2021;112,7326316;541,5157895;0,031167542;Sim;Não
06/03/2021;112,6739583;541,3958333;0,215708381;Sim;Não
07/03/2021;112,6810526;541,4105263;11,07252153;Sim;Não
08/03/2021;112,6810526;541,4105263;12,23380608;Sim;Não
09/03/2021;112,6810526;541,4105263;6,207784029;Sim;Não
10/03/2021;112,6810526;541,4105263;13,07519733;Sim;Não
11/03/2021;112,6810526;541,4105263;9,49160367;Sim;Não
12/03/2021;112,6810526;541,4105263;2,397855007;Sim;Não
13/03/2021;112,6810526;541,4105263;2,266606269;Sim;Não
14/03/2021;112,6810526;541,4105263;0,106059703;Sim;Não
15/03/2021;112,6810526;541,4105263;0,031379741;Sim;Não
16/03/2021;112,6810526;541,4105263;0,013003159;Sim;Não
17/03/2021;112,6810526;541,4105263;0,012498005;Sim;Não
18/03/2021;112,6810526;541,4105263;0,100136674;Sim;Não
19/03/2021;112,6810526;541,4105263;0,099495508;Sim;Não
20/03/2021;112,6810526;541,4105263;0,811763043;Sim;Não
21/03/2021;112,6361702;541,3191489;1,730244592;Sim;Não
22/03/2021;112,6810526;541,4105263;1,365242474;Sim;Não
23/03/2021;112,6705263;541,3894737;0,048354812;Sim;Não
24/03/2021;112,725;541,5;0,022275044;Sim;Não
25/03/2021;112,725;541,5;0,051843481;Sim;Não
26/03/2021;112,725;541,5;0,93251013;Sim;Não
27/03/2021;112,725;541,5;1,356226671;Sim;Não
28/03/2021;112,6810526;541,4105263;0,642599628;Sim;Não
29/03/2021;112,725;541,5;2,174421505;Sim;Não
30/03/2021;112,725;541,5;0,513891459;Sim;Não
31/03/2021;112,725;541,5;2,825466231;Sim;Não
01/04/2021;9,825397041;;10,35304348;Sim;Sim
02/04/2021;9,399892468;;0,133667155;Sim;Sim
03/04/2021;9,407786685;;1,405756533;Sim;Sim
04/04/2021;10,15910406;;0,331776983;Sim;Sim
05/04/2021;9,195309947;;0,124791528;Sim;Sim
06/04/2021;9,644502005;;0,539144489;Sim;Sim
07/04/2021;9,479946499;;0,311832546;Sim;Sim
08/04/2021;9,513196453;;5,81613662;Sim;Sim
09/04/2021;9,221994624;;1,325528957;Sim;Sim
10/04/2021;9,094289385;;0,035289706;Sim;Sim
11/04/2021;8,899406532;;3,984278779;Sim;Sim
12/04/2021;8,793769098;;0,119653387;Sim;Sim
13/04/2021;8,708477309;;0,046551333;Sim;Sim
14/04/2021;8,771913077;;4,803464768;Sim;Sim
15/04/2021;8,661616413;;0,301421396;Sim;Sim
16/04/2021;8,581562383;;0,026513934;Sim;Sim
17/04/2021;8,387471273;;0,028066627;Sim;Sim
18/04/2021;8,326845015;;0,171711332;Sim;Sim
19/04/2021;8,17906851;;0,296611358;Sim;Sim
20/04/2021;9,854936429;;11,59135898;Sim;Sim
21/04/2021;8,598965433;;0,099835171;Sim;Sim
22/04/2021;8,156301821;;0,032729657;Sim;Sim
23/04/2021;8,010595015;;0,746991446;Sim;Sim
24/04/2021;7,805280879;;0,121581528;Sim;Sim
25/04/2021;7,955954963;;0,076897784;Sim;Sim
26/04/2021;7,718353523;;1,38587821;Sim;Sim
27/04/2021;7,643595997;;3,072866215;Sim;Sim
28/04/2021;7,922404053;;1,09868499;Sim;Sim
29/04/2021;7,737394754;;1,026734047;Sim;Sim
30/04/2021;7,360985504;;9,3865764;Sim;Sim
01/05/2021;7,318487686;;0,143171166;Sim;Sim
02/05/2021;7,573474597;;3,778642852;Sim;Sim
03/05/2021;7,624471979;;1,657491616;Sim;Sim
04/05/2021;5,542685987;;0,420355465;Sim;Sim
05/05/2021;4,679373161;;1,092176392;Sim;Sim
06/05/2021;4,477774134;;0,049895133;Sim;Sim
07/05/2021;4,418011577;;0,008620283;Sim;Sim
08/05/2021;4,557457544;;3,675009596;Sim;Sim
09/05/2021;4,77658692;;0,817224859;Sim;Sim
10/05/2021;4,760650238;;0,237965099;Sim;Sim
11/05/2021;4,414027407;;0,120049214;Sim;Sim
12/05/2021;4,310438974;;0,395064471;Sim;Sim
13/05/2021;4,35824902;;0,164709063;Sim;Sim
14/05/2021;4,4419166;;3,006981461;Sim;Sim
15/05/2021;4,449884941;;0,580455702;Sim;Sim
16/05/2021;4,425979918;;0,912340578;Sim;Sim
17/05/2021;4,421995748;;0,762481314;Sim;Sim
18/05/2021;4,342312338;;0,275001188;Sim;Sim
19/05/2021;4,330359827;;0,200796819;Sim;Sim
20/05/2021;4,250676417;;0,189789945;Sim;Sim
21/05/2021;4,067404575;;0,118848756;Sim;Sim
22/05/2021;4,003657847;;0,443883441;Sim;Sim
23/05/2021;3,947879461;;0,018117153;Sim;Sim
24/05/2021;3,876164392;;0,11026312;Sim;Sim
25/05/2021;3,876164392;;0,192942838;Sim;Sim
26/05/2021;3,876164392;;2,253795313;Sim;Sim
27/05/2021;3,892101074;;0,426810795;Sim;Sim
28/05/2021;3,931942779;;0,072983697;Sim;Sim
29/05/2021;3,872180222;;0,061401256;Sim;Sim
30/05/2021;3,836322687;;0,158959071;Sim;Sim
31/05/2021;3,784528471;;0,134100842;Sim;Sim
01/06/2021;4,059436234;;4,164646679;Sim;Sim
02/06/2021;4,139119644;;0,231786451;Sim;Sim
03/06/2021;3,824370176;;0,134904319;Sim;Sim
04/06/2021;3,657035016;;0;Não;Sim
05/06/2021;3,541494072;;0;Não;Sim
06/06/2021;3,812417664;;1,4;Não;Sim
07/06/2021;3,844291028;;0;Não;Sim
08/06/2021;3,744686766;;0;Não;Sim
09/06/2021;3,684924209;;0;Não;Sim
10/06/2021;3,804449323;;0,2;Não;Sim
11/06/2021;3,752655107;;0;Não;Sim
12/06/2021;3,804449323;;29,8;Não;Sim
13/06/2021;3,840306858;;0,4;Não;Sim
14/06/2021;3,645082504;;0;Não;Sim
15/06/2021;3,429937298;;0;Não;Sim
16/06/2021;3,310412184;;0;Não;Sim
17/06/2021;3,302443843;;0;Não;Sim
18/06/2021;3,334317207;;2,6;Não;Sim
19/06/2021;3,318380525;;0;Não;Sim
20/06/2021;3,310412184;;0;Não;Sim
21/06/2021;3,302443843;;0;Não;Sim
22/06/2021;3,27455465;;0;Não;Sim
23/06/2021;3,302443843;;0,2;Não;Sim
24/06/2021;3,186902899;;0;Não;Sim
25/06/2021;3,140288104;;0;Não;Sim
26/06/2021;3,182121895;;0;Não;Sim
27/06/2021;3,119968835;;0;Não;Sim
28/06/2021;3,037098089;;0;Não;Sim
29/06/2021;3,000842138;;0;Não;Sim
30/06/2021;3,037098089;;0;Não;Sim
01/07/2021;3,026739246;;0;Não;Sim
02/07/2021;2,9438685;;0;Não;Sim
03/07/2021;2,949047921;;0;Não;Sim
04/07/2021;2,886894862;;0;Não;Sim
05/07/2021;2,88171544;;0;Não;Sim
06/07/2021;2,88171544;;0;Não;Sim
07/07/2021;2,907612549;;0;Não;Sim
08/07/2021;2,91279197;;0;Não;Sim
09/07/2021;2,88171544;;0;Não;Sim
10/07/2021;2,88171544;;0;Não;Sim
11/07/2021;2,88171544;;0;Não;Sim
12/07/2021;2,88171544;;0;Não;Sim
13/07/2021;2,88171544;;0;Não;Sim
14/07/2021;2,88171544;;0;Não;Sim
15/07/2021;2,892074284;;0;Não;Sim
16/07/2021;2,88171544;;0;Não;Sim
17/07/2021;2,88171544;;0;Não;Sim
18/07/2021;2,88171544;;0;Não;Sim
19/07/2021;2,876536019;;0;Não;Sim
20/07/2021;2,814382959;;0,2;Não;Sim
21/07/2021;2,72115337;;0;Não;Sim
22/07/2021;2,638282624;;0;Não;Sim
23/07/2021;2,653820889;;0;Não;Sim
24/07/2021;2,648641467;;0;Não;Sim
25/07/2021;2,613979184;;0;Não;Sim
26/07/2021;2,613979184;;0;Não;Sim
27/07/2021;2,633103203;;0;Não;Sim
28/07/2021;2,638282624;;0;Não;Sim
29/07/2021;2,633103203;;0,2;Não;Sim
30/07/2021;0,662765957;90,42553191;0;Não;Não
31/07/2021;0,6228125;89,09375;0;Não;Não
01/08/2021;0,6265625;89,21875;2,4;Não;Não
02/08/2021;0,65;90;0;Não;Não
03/08/2021;0,6465625;89,88541667;0;Não;Não
04/08/2021;0,6534375;90,11458333;0;Não;Não
05/08/2021;0,6515625;90,05208333;0;Não;Não
06/08/2021;2,276145833;117,34375;0,6;Não;Não
07/08/2021;4,02;146;0,6;Não;Não
08/08/2021;3,9721875;145,46875;0,2;Não;Não
09/08/2021;3,839375;144,09375;0;Não;Não
10/08/2021;3,74;143;0;Não;Não
11/08/2021;3,613548387;141;0;Não;Não
12/08/2021;2,166153846;123,2692308;0,4;Não;Não
13/08/2021;2,21;124;3,4;Não;Não
14/08/2021;2,400294118;126,8382353;0;Não;Não
15/08/2021;2,29;125,1428571;1,8;Não;Não
16/08/2021;2,273194444;124,9027778;0,6;Não;Não
17/08/2021;2,359594595;126,2162162;3,4;Não;Não
18/08/2021;2,406470588;126,9411765;0;Não;Não
19/08/2021;2,241911765;124,4558824;0;Não;Não
20/08/2021;2,102166667;122,3166667;0;Não;Não
21/08/2021;2,021153846;121,0192308;0;Não;Não
22/08/2021;2,02;121;0;Não;Não
23/08/2021;1,994285714;120,5714286;0;Não;Não
24/08/2021;1,96;120;0;Não;Não
25/08/2021;1,901875;119,03125;0;Não;Não
26/08/2021;1,873461538;118,5576923;0;Não;Não
27/08/2021;1,86625;118,4375;0;Não;Não
28/08/2021;1,9;119;0;Não;Não
29/08/2021;1,9;119;0;Não;Não
30/08/2021;0,993218633;;0;Não;Sim
31/08/2021;1,9;119;0;Não;Não
01/09/2021;4,731363636;153,1590909;16,4;Não;Não
02/09/2021;6,052083333;165,4375;13;Não;Não
03/09/2021;6,371458333;168,1458333;0;Não;Não
04/09/2021;3,715;142,6818182;0;Não;Não
05/09/2021;2,885;133,25;0;Não;Não
06/09/2021;2,501666667;128,25;0;Não;Não
07/09/2021;2,28;125;0;Não;Não
08/09/2021;2,35;126;0;Não;Não
09/09/2021;2,006791603;;0;Sim;Sim
10/09/2021;1,992448589;;0,468830435;Sim;Sim
11/09/2021;1,796427402;;0;Sim;Sim
12/09/2021;1,728696504;;0,007712881;Sim;Sim
13/09/2021;1,627896991;;0;Sim;Sim
14/09/2021;1,822722927;;0,031288376;Sim;Sim
15/09/2021;2,832311726;;0,003195505;Sim;Sim
16/09/2021;2,728723294;;0,023018838;Sim;Sim
17/09/2021;2,35;126;0;Não;Não
18/09/2021;2,35;126;0;Não;Não
19/09/2021;2,81159404;;0;Sim;Sim
20/09/2021;2,35;126;0;Não;Não
21/09/2021;2,74944098;;0;Sim;Sim
22/09/2021;2,728723294;;0,992151862;Sim;Sim
23/09/2021;2,728723294;;0,501503331;Sim;Sim
24/09/2021;2,656211391;;0,026238312;Sim;Sim
25/09/2021;2,35;126;0;Não;Não
26/09/2021;2,635493705;;0;Sim;Sim
27/09/2021;2,640673126;;0;Sim;Sim
28/09/2021;2,920361894;;2,667519582;Sim;Sim
29/09/2021;2,35;126;0;Não;Não
30/09/2021;2,35;126;0;Não;Não
01/10/2021;2,35;126;0;Não;Não
02/10/2021;2,35;126;0;Não;Não
03/10/2021;2,35;126;0;Não;Não
04/10/2021;2,35;126;0;Não;Não
05/10/2021;2,35;126;0;Não;Não
06/10/2021;2,359873418;126,1518987;0;Não;Não
07/10/2021;2,4366;127,38;16,2;Não;Não
08/10/2021;3,48093468;;0;Não;Sim
09/10/2021;3,47296634;;0,349901954;Sim;Sim
10/10/2021;4,286533951;;4,930211196;Sim;Sim
11/10/2021;6,3375;167,875;19,8;Não;Não
12/10/2021;35,52800835;;33,2;Não;Sim
13/10/2021;15,69162037;;0;Não;Sim
14/10/2021;10,97;203,5;1;Não;Não
15/10/2021;7,968704308;;0,109015835;Sim;Sim
16/10/2021;7,595785951;;0,148545094;Sim;Sim
17/10/2021;14,79239309;;11,98539085;Sim;Sim
18/10/2021;27,97441954;;2,741144164;Sim;Sim
19/10/2021;52,0404029;;24,74724423;Sim;Sim
20/10/2021;41,75486839;;7,731770447;Sim;Sim
21/10/2021;26,07914964;;11,18055066;Sim;Sim
22/10/2021;21,72368421;269,1052632;0;Não;Não
23/10/2021;15,93;237;0,2;Não;Não
24/10/2021;12,15458333;211,8333333;0;Não;Não
25/10/2021;10,355;199,3214286;4,6;Não;Não
26/10/2021;9,77;195,1428571;1,8;Não;Não
27/10/2021;9,491071429;193,1071429;0,2;Não;Não
28/10/2021;14,12071429;225,3214286;0;Não;Não
29/10/2021;19,62964286;258,5;3,2;Não;Não
30/10/2021;13,4240625;220,71875;3,2;Não;Não
31/10/2021;27,31357143;296,4285714;5,2;Não;Não
01/11/2021;56,72419371;;43,2;Não;Sim
02/11/2021;60,03526316;413;19;Não;Não
03/11/2021;30,36181818;310;0,2;Não;Não
04/11/2021;18,815;254,0625;0;Não;Não
05/11/2021;16,69958333;241,7083333;2,8;Não;Não
06/11/2021;15,268;232,85;4,2;Não;Não
07/11/2021;12,173;211,95;0;Não;Não
08/11/2021;11,38875;206,5625;5;Não;Não
09/11/2021;11,9215;210,2;0;Não;Não
10/11/2021;17,371875;245,6875;29;Não;Não
11/11/2021;19,8375;259,1071429;14,2;Não;Não
12/11/2021;38,7995;343,8;24,4;Não;Não
13/11/2021;36,92454545;335,9090909;11,6;Não;Não
14/11/2021;24,52919355;283,7903226;3;Não;Não
15/11/2021;15,65058341;;0;Não;Sim
16/11/2021;15,72;235,6875;0;Não;Não
17/11/2021;16,029;237,6;0,8;Não;Não
18/11/2021;12,53;214,5;0;Não;Não
19/11/2021;11,02;204;0;Não;Não
20/11/2021;89,13502214;;13,8;Não;Sim
21/11/2021;44,90776289;;37,6;Não;Sim
22/11/2021;43,87125;362,625;2;Não;Não
23/11/2021;29,575625;307,0625;0;Não;Não
24/11/2021;22,1975;272,25;0;Não;Não
25/11/2021;18,19;250,5;0;Não;Não
26/11/2021;15,73;235,75;0;Não;Não
27/11/2021;17,58483036;;6,970583749;Sim;Sim
28/11/2021;16,61754158;;3,229866592;Sim;Sim
29/11/2021;19,544025;;8,886789343;Sim;Sim
30/11/2021;16,01712709;;1,459316141;Sim;Sim
01/12/2021;19,56662457;;11,86046761;Sim;Sim
02/12/2021;16,07850875;;1,856332177;Sim;Sim
03/12/2021;14,86881287;;2,960218609;Sim;Sim
04/12/2021;15,17646712;;6,514349487;Sim;Sim
05/12/2021;13,34255345;;0,453679011;Sim;Sim
06/12/2021;12,18;212;62,4;Não;Não
07/12/2021;21,16945636;;1,452761812;Sim;Sim
08/12/2021;34,821;328,75;72,4;Não;Não
09/12/2021;25,9665;290,7;14,6;Não;Não
10/12/2021;18,6275;253;0;Não;Não
11/12/2021;16,11;238,125;0;Não;Não
12/12/2021;14,31;226,6666667;0;Não;Não
13/12/2021;12,55916667;214,7083333;0;Não;Não
14/12/2021;12,39830505;;0;Não;Sim
15/12/2021;11,855;209,75;0,051596008;Sim;Não
16/12/2021;10,82276483;;22,4;Não;Sim
17/12/2021;10,56439138;;0,53158869;Sim;Sim
18/12/2021;11,281875;205,8125;5;Não;Não
19/12/2021;12,66942785;;0;Não;Sim
20/12/2021;13,58817756;;5,026397637;Sim;Sim
21/12/2021;19,61284095;;6,90422992;Sim;Sim
22/12/2021;16,79344271;;3,141863918;Sim;Sim
23/12/2021;26,03;291;14,26585873;Sim;Não
24/12/2021;16,13665221;;63,2;Não;Sim
25/12/2021;19,52375;258;1,8;Não;Não
26/12/2021;20,4725;263,1666667;0;Não;Não
27/12/2021;12,95181956;;2,359396411;Sim;Sim
28/12/2021;13,53598493;;7,42868599;Sim;Sim
29/12/2021;44,84738151;;24,79376485;Sim;Sim
30/12/2021;37,11570028;;11,77151339;Sim;Sim
31/12/2021;24,54464638;;1,394635306;Sim;Sim
01/01/2022;21,75353575;;3,449215183;Sim;Sim
02/01/2022;21,18160808;;3,607217904;Sim;Sim
03/01/2022;18,78951212;;1,31550482;Sim;Sim
04/01/2022;17,33409465;;2,086531708;Sim;Sim
05/01/2022;15,02367418;;0,577763303;Sim;Sim
06/01/2022;16,54463126;;12,07016904;Sim;Sim
07/01/2022;32,32593053;;14,15211803;Sim;Sim
08/01/2022;38,05855423;;22,57783677;Sim;Sim
09/01/2022;63,3096291;;45,68884973;Sim;Sim
10/01/2022;64,28455561;;0;Não;Sim
11/01/2022;65,4;429,5;0,4;Não;Não
12/01/2022;29,20632505;;0;Não;Sim
13/01/2022;21,57683779;;0,052436997;Sim;Sim
14/01/2022;17,33608673;;0,089602566;Sim;Sim
15/01/2022;14,46768319;;0,003285273;Sim;Sim
16/01/2022;13,29613786;;0,005782382;Sim;Sim
17/01/2022;12,69472733;;0,886640687;Sim;Sim
18/01/2022;11,51860021;;0,16081415;Sim;Sim
19/01/2022;10,54028714;;0,38843294;Sim;Sim
20/01/2022;10,44725676;;9,901874325;Sim;Sim
21/01/2022;9,505199653;;0,293097087;Sim;Sim
22/01/2022;8,809961905;;0,011661606;Sim;Sim
23/01/2022;8,202774324;;0,0759725;Sim;Sim
24/01/2022;7,866510335;;0,001095861;Sim;Sim
25/01/2022;12,79931181;;0,235579401;Sim;Sim
26/01/2022;20,84053571;264,6607143;21,6;Não;Não
27/01/2022;11,29767795;;0;Não;Sim
28/01/2022;10,24884507;;0,072568263;Sim;Sim
29/01/2022;11,49549202;;2,122161142;Sim;Sim
30/01/2022;13,27561939;;5,377098937;Sim;Sim
31/01/2022;18,153125;250,1875;0,8;Não;Não
01/02/2022;12,34333333;213,1666667;0;Não;Não
02/02/2022;26,89451013;;0;Não;Sim
03/02/2022;28,57941582;;14,95609581;Sim;Sim
04/02/2022;18,60066244;;5,583167231;Sim;Sim
05/02/2022;30,90955793;;5,817260167;Sim;Sim
06/02/2022;38,69661913;;2,061422531;Sim;Sim
07/02/2022;26,40286349;;1,439260783;Sim;Sim
08/02/2022;30,88096154;312,6730769;65,8;Não;Não
09/02/2022;31,93588024;;0;Não;Sim
10/02/2022;36,93003794;;12,91563465;Sim;Sim
11/02/2022;35,30768372;;18,05630466;Sim;Sim
12/02/2022;30,29778855;;7,871177085;Sim;Sim
13/02/2022;25,17992236;;1,781131931;Sim;Sim
14/02/2022;33,34791667;322,9791667;71,2;Não;Não
15/02/2022;68,87875;438,5;0;Não;Não
16/02/2022;72,9825;447,3055556;0;Não;Não
17/02/2022;11,87976526;;4,4;Não;Sim
18/02/2022;8,838249515;;8,339473527;Sim;Sim
19/02/2022;7,856350701;;15,53984643;Sim;Sim
20/02/2022;1,133823631;;13,86929275;Sim;Sim
21/02/2022;0,013112695;;1,226017728;Sim;Sim
22/02/2022;;;3,433443141;Sim;Sim
23/02/2022;;;0,110455598;Sim;Sim
24/02/2022;;;3,799462587;Sim;Sim
25/02/2022;;;3,589801819;Sim;Sim
26/02/2022;22,79766424;;0,26960743;Sim;Sim
27/02/2022;22,624077;;56,6;Não;Sim
28/02/2022;15,09080746;;14,73359866;Sim;Sim
01/03/2022;9,074909242;;0,104739151;Sim;Sim
02/03/2022;7,703358554;;0,021736047;Sim;Sim
03/03/2022;6,680422784;;0,004952629;Sim;Sim
04/03/2022;5,904107166;;0,199846728;Sim;Sim
05/03/2022;5,129584425;;0,06603387;Sim;Sim
06/03/2022;4,566584916;;0,064997586;Sim;Sim
07/03/2022;4,114218578;;0,0683518;Sim;Sim
08/03/2022;3,690502048;;0,140858403;Sim;Sim
09/03/2022;4,226572186;;2,233468526;Sim;Sim
10/03/2022;9,545439775;;2,894592456;Sim;Sim
11/03/2022;4,153661866;;3,093379477;Sim;Sim
12/03/2022;3,237701073;;0,182946421;Sim;Sim
13/03/2022;2,785696932;;0,008580123;Sim;Sim
14/03/2022;2,415368286;;0,2;Não;Sim
15/03/2022;2,178907768;;0,328913173;Sim;Sim
16/03/2022;1,944638544;;0,248748263;Sim;Sim
17/03/2022;1,726704418;;0,092680992;Sim;Sim
18/03/2022;1,626303322;;0,066146558;Sim;Sim
19/03/2022;1,387253094;;0;Sim;Sim
20/03/2022;1,213144844;;0,003556901;Sim;Sim
21/03/2022;3,031121833;;1,512407311;Sim;Sim
22/03/2022;1,675707036;;3,441616506;Sim;Sim
23/03/2022;1,144417903;;1,8;Não;Sim
24/03/2022;0,962739729;;0;Não;Sim
25/03/2022;0,716318785;;0;Não;Sim
26/03/2022;0,58205224;;0,016597658;Sim;Sim
27/03/2022;0,463722377;;0;Não;Sim
28/03/2022;0,391851406;;0;Não;Sim
29/03/2022;0,308322893;;0;Não;Sim
30/03/2022;0,533644569;;0,8;Não;Sim
31/03/2022;0,65496256;;0,2;Não;Sim
01/04/2022;1,508969502;;0;Não;Sim
02/04/2022;1,434863931;;0;Não;Sim
03/04/2022;38,37645161;342;22;Não;Não
04/04/2022;42,8596875;356,75;0,6;Não;Não
05/04/2022;17,4534375;245,0625;0;Não;Não
06/04/2022;20,06525;260,3;0;Não;Não
07/04/2022;16,83035714;242,4285714;0;Não;Não
08/04/2022;12,76972222;216,1388889;0;Não;Não
09/04/2022;11,22;205,3928571;0;Não;Não
10/04/2022;10,358125;199,34375;0;Não;Não
11/04/2022;10,104375;197,53125;0;Não;Não
12/04/2022;9,285;191,5625;0;Não;Não
13/04/2022;8,7325;187,4;0;Não;Não
14/04/2022;8,3745;184,65;2,2;Não;Não
15/04/2022;18,94708333;253,8333333;6,2;Não;Não
16/04/2022;13,1715;218,825;2,6;Não;Não
17/04/2022;0,796400612;;0;Não;Sim
18/04/2022;9,08;190;0;Não;Não
19/04/2022;0,348978267;;0,015417607;Sim;Sim
20/04/2022;0,180447856;;0,008550547;Sim;Sim
21/04/2022;7,675;179,125;0;Não;Não
22/04/2022;7,41;177;0;Não;Não
23/04/2022;7,185;175,125;0;Não;Não
24/04/2022;-0,160597137;;0,001681975;Sim;Sim
25/04/2022;-0,015174915;;4,434786871;Sim;Sim
26/04/2022;-0,192470501;;0,107422099;Sim;Sim
27/04/2022;-0,25342831;;1,420432093;Sim;Sim
28/04/2022;-0,402834703;;0,039592143;Sim;Sim
29/04/2022;-0,443473242;;0,275486412;Sim;Sim
30/04/2022;-0,462796468;;0,666585977;Sim;Sim
01/05/2022;-0,503634216;;0,011580069;Sim;Sim
02/05/2022;-0,537101248;;0,005043115;Sim;Sim
03/05/2022;-0,582919208;;0,088598911;Sim;Sim
04/05/2022;-0,603636895;;0,000533328;Sim;Sim
05/05/2022;-0,590688341;;0,354454796;Sim;Sim
06/05/2022;-0,296058934;;1,424327877;Sim;Sim
07/05/2022;-0,37892968;;0,547781281;Sim;Sim
08/05/2022;-0,528933698;;0,010620971;Sim;Sim
09/05/2022;-0,620370411;;0,032666576;Sim;Sim
10/05/2022;-0,652044566;;0,003768343;Sim;Sim
11/05/2022;-0,659813699;;0,010318777;Sim;Sim
12/05/2022;-0,675351963;;0,017609438;Sim;Sim
13/05/2022;-0,675351963;;0,021362183;Sim;Sim
14/05/2022;-0,675351963;;0,008756263;Sim;Sim
15/05/2022;-0,675351963;;0,014830722;Sim;Sim
16/05/2022;-0,7136;;0,046744579;Sim;Sim
17/05/2022;-0,675351963;;2,491232574;Sim;Sim
18/05/2022;;;0,129091473;Sim;Sim
19/05/2022;;;0,028550014;Sim;Sim
20/05/2022;;;0,000533328;Sim;Sim
21/05/2022;;;0,073888862;Sim;Sim
22/05/2022;;;0,007019681;Sim;Sim
23/05/2022;;;0,015950935;Sim;Sim
24/05/2022;;;0,00496835;Sim;Sim
25/05/2022;;;0,43442554;Sim;Sim
26/05/2022;;;0,076013492;Sim;Sim
27/05/2022;;;1,192844511;Sim;Sim
28/05/2022;;;3,62858457;Sim;Sim
29/05/2022;;;0,569857331;Sim;Sim
30/05/2022;;;0,085652705;Sim;Sim
31/05/2022;;;0,056101123;Sim;Sim
01/06/2022;;;0,008702279;Sim;Sim
02/06/2022;;;0,020647406;Sim;Sim
03/06/2022;;;0,00238294;Sim;Sim
04/06/2022;;;1,242470199;Sim;Sim
05/06/2022;;;0,158434611;Sim;Sim
06/06/2022;;;0,108187163;Sim;Sim
07/06/2022;;;0,016618365;Sim;Sim
08/06/2022;;;0,031017417;Sim;Sim
09/06/2022;;;0,00182047;Sim;Sim
10/06/2022;;;0,003841306;Sim;Sim
11/06/2022;;;0,189901875;Sim;Sim
12/06/2022;;;2,744677158;Sim;Sim
13/06/2022;;;0,342032996;Sim;Sim
14/06/2022;;;4,720785121;Sim;Sim
15/06/2022;;;0,016497479;Sim;Sim
16/06/2022;4,643333333;152,3333333;6,4;Não;Não
17/06/2022;4,64125;152,3125;0;Não;Não
18/06/2022;4,64125;152,3125;0;Não;Não
19/06/2022;4,6475;152,375;0;Não;Não
20/06/2022;4,64125;152,3125;0;Não;Não
21/06/2022;4,6475;152,375;0;Não;Não
22/06/2022;;;3,641814224;Sim;Sim
23/06/2022;;;0,075057013;Sim;Sim
24/06/2022;;;0,016651684;Sim;Sim
25/06/2022;;;0,524380761;Sim;Sim
26/06/2022;4,643333333;152,3333333;0;Não;Não
27/06/2022;4,643333333;152,3333333;0;Não;Não
28/06/2022;4,64125;152,3125;0;Não;Não
29/06/2022;4,64125;152,3125;0;Não;Não
30/06/2022;4,64125;152,3125;0;Não;Não
01/07/2022;4,64;152,3;0;Não;Não
02/07/2022;4,64;152,3;0;Não;Não
03/07/2022;4,6475;152,375;0;Não;Não
04/07/2022;4,64;152,3;0;Não;Não
05/07/2022;4,64125;152,3125;0;Não;Não
06/07/2022;4,64125;152,3125;0;Não;Não
07/07/2022;4,6475;152,375;0;Não;Não
08/07/2022;4,64125;152,3125;0;Não;Não
09/07/2022;4,64125;152,3125;0;Não;Não
10/07/2022;4,6475;152,375;0;Não;Não
11/07/2022;4,64125;152,3125;0;Não;Não
12/07/2022;4,64125;152,3125;0;Não;Não
13/07/2022;4,64125;152,3125;0;Não;Não
14/07/2022;4,639166667;152,2916667;0;Não;Não
15/07/2022;4,64125;152,3125;0;Não;Não
16/07/2022;4,655;152,45;0;Não;Não
17/07/2022;4,64125;152,3125;0;Não;Não
18/07/2022;4,64;152,3;0;Não;Não
19/07/2022;4,64125;152,3125;0;Não;Não
20/07/2022;4,643333333;152,3333333;0;Não;Não
21/07/2022;4,64;152,3;0;Não;Não
22/07/2022;4,64125;152,3125;0;Não;Não
23/07/2022;4,64125;152,3125;0;Não;Não
24/07/2022;;;0;Não;Sim
25/07/2022;4,643333333;152,3333333;0;Não;Não
26/07/2022;1,562158178;;0,173416148;Sim;Sim
27/07/2022;4,643333333;152,3333333;0;Não;Não
28/07/2022;1,559767675;;0,014818297;Sim;Sim
29/07/2022;4,6475;152,375;0;Não;Não
30/07/2022;4,6475;152,375;0;Não;Não
31/07/2022;1,332669958;;0;Não;Sim
01/08/2022;4,643333333;152,3333333;0;Não;Não
02/08/2022;4,64125;152,3125;0;Não;Não
03/08/2022;4,64125;152,3125;0;Não;Não
04/08/2022;4,64125;152,3125;0;Não;Não
05/08/2022;4,643333333;152,3333333;0;Não;Não
06/08/2022;1,432672637;;0,031562561;Sim;Sim
07/08/2022;4,6475;152,375;0;Não;Não
08/08/2022;4,643333333;152,3333333;0;Não;Não
09/08/2022;1,491888529;;0;Não;Sim
10/08/2022;4,6475;152,375;0;Não;Não
11/08/2022;4,64125;152,3125;0;Não;Não
12/08/2022;4,64125;152,3125;0;Não;Não
13/08/2022;4,64;152,3;0;Não;Não
14/08/2022;4,643333333;152,3333333;0;Não;Não
15/08/2022;4,638571429;152,2857143;0;Não;Não
16/08/2022;4,637777778;152,2777778;0;Não;Não
17/08/2022;4,64125;152,3125;0;Não;Não
